Pathway,score
Androgen,0.04059999999999997
EGFR,-0.969
Estrogen,0.9785999999999999
Hypoxia,0.25259999999999994
JAK.STAT,-0.9968
MAPK,0.8378000000000001
NFkB,-0.642
p53,-0.5014000000000001
PI3K,0.9682
TGFb,-0.9998
TNFa,-0.5194
Trail,0.036799999999999944
VEGF,-0.948
WNT,0.5309999999999999
