Pathway,score
Androgen,-0.9872
EGFR,-0.3198
Estrogen,-0.877
Hypoxia,-0.9656
JAK.STAT,0.8886000000000001
MAPK,-0.9998
NFkB,0.5136000000000001
p53,-0.7867999999999999
PI3K,0.266
TGFb,0.016799999999999926
TNFa,0.8262
Trail,-0.26380000000000003
VEGF,0.345
WNT,0.04899999999999993
