Pathway,score
Androgen,0.4436
EGFR,-0.9984
Estrogen,-0.4294
Hypoxia,0.2065999999999999
JAK.STAT,1
MAPK,0.9418
NFkB,0.9998
p53,0.1814
PI3K,0.9984
TGFb,-0.8613999999999999
TNFa,0.958
Trail,-0.5192
VEGF,-0.993
WNT,0.5892
